digest_bits,attempts,time_seconds,first_message,second_message,shared_truncated_hash
8,14,4.020000051241368e-05,b'message-8',b'message-13',92
10,34,4.489999992074445e-05,b'message-9',b'message-33',315
12,41,7.419999747071415e-05,b'message-22',b'message-40',2209
14,77,0.0001221999991685152,b'message-23',b'message-76',10838
16,134,0.00024159999884432182,b'message-126',b'message-133',26144
18,181,0.0001967999996850267,b'message-131',b'message-180',163678
20,958,0.0010404999993625097,b'message-70',b'message-957',784392
22,2699,0.0029785000006086193,b'message-42',b'message-2698',2636943
24,2699,0.0028634000045713037,b'message-42',b'message-2698',10547773
26,2699,0.00588189999689348,b'message-42',b'message-2698',42191095
28,2699,0.0037889000013819896,b'message-42',b'message-2698',168764380
30,2699,0.005169999996724073,b'message-42',b'message-2698',675057520
32,6263,0.011128900005132891,b'message-1120',b'message-6262',2089752186
34,103193,0.12140699999872595,b'message-95442',b'message-103192',4930751481
36,167410,0.19270030000188854,b'message-74533',b'message-167409',32216857485
38,167410,0.18725239999912446,b'message-74533',b'message-167409',128867429943
40,1571397,1.9321863000004669,b'message-610993',b'message-1571396',966362441798
42,3258366,4.035779599995294,b'message-3170618',b'message-3258365',2526777202112
44,6280592,8.089081400001305,b'message-708573',b'message-6280591',9999423233863
46,7208121,8.938583799994376,b'message-3908013',b'message-7208120',25741324702695
48,23274627,30.668868399996427,b'message-8430988',b'message-23274626',248425170223724
50,24330994,31.80301640000107,b'message-16145750',b'message-24330993',141898773340055
